{
  "train": {
    "roc_auc": 0.9558951419862578,
    "brier": 0.0889194784525584,
    "f1": 0.321285140562249,
    "precision": 0.1951219512195122,
    "recall": 0.9090909090909091,
    "accuracy": 0.876076993583868
  },
  "test": {
    "roc_auc": 0.912801308539945,
    "brier": 0.09304693574286746,
    "f1": 0.301255230125523,
    "precision": 0.18461538461538463,
    "recall": 0.8181818181818182,
    "accuracy": 0.8775659824046921
  }
}