{
  "train": {
    "roc_auc": 1.0,
    "brier": 0.0034188084326306142,
    "f1": 1.0,
    "precision": 1.0,
    "recall": 1.0,
    "accuracy": 1.0
  },
  "test": {
    "roc_auc": 0.9315599173553719,
    "brier": 0.022323607038123167,
    "f1": 0.2857142857142857,
    "precision": 0.6666666666666666,
    "recall": 0.18181818181818182,
    "accuracy": 0.9706744868035191
  }
}