{
  "train": {
    "roc_auc": 1.0,
    "brier": 3.082491999961777e-06,
    "f1": 1.0,
    "precision": 1.0,
    "recall": 1.0,
    "accuracy": 1.0
  },
  "test": {
    "roc_auc": 0.9396005509641874,
    "brier": 0.024695768479732278,
    "f1": 0.45569620253164556,
    "precision": 0.5142857142857142,
    "recall": 0.4090909090909091,
    "accuracy": 0.968475073313783
  }
}